Title,Note,URL,Tags,Comment
,,,,
Domain Wintergardens,Thanks for @glass_KYZ_SKR for correcting this,https://www.google.com/maps/place/Domain+Wintergardens/data=!4m2!3m1!1s0x6d0d480aba930e09:0x410b55a0b1dff553,,
Ellerslie Domain,,https://www.google.com/maps/place/Ellerslie+Domain/data=!4m2!3m1!1s0x6d0d48e20e73f569:0x27d60407f9880f7b,,
Rendezvous Heritage Hotel Auckland,,https://www.google.com/maps/place/Rendezvous+Heritage+Hotel+Auckland/data=!4m2!3m1!1s0x6d0d47f08fece613:0x43b0961bb62cef91,,
42 Hobson Street,"2026 0108 short video
Traffic light",https://www.google.com/maps/place/42+Hobson+Street/data=!4m2!3m1!1s0x6d0d47f08693c0e7:0x2fd36cc7ca577c91,,
Eastern Viaduct,,https://www.google.com/maps/place/Eastern+Viaduct/data=!4m2!3m1!1s0x6d0d47f9d6e4350b:0x5516d5a899ab4a19,,
Jervois Steak House,,https://www.google.com/maps/place/Jervois+Steak+House/data=!4m2!3m1!1s0x6d0d4785801b5ce1:0x9b0f32bb5da9b46e,,
Skyline Rotorua,,https://www.google.com/maps/place/Skyline+Rotorua/data=!4m2!3m1!1s0x6d6c27b62116b577:0x456085ce2384f5df,,
33 Wyndham Street,New photo on 20251211,https://www.google.com/maps/place/33+Wyndham+Street/data=!4m2!3m1!1s0x6d0d47fa6699dd9f:0x75ab100c108d9ac,,
Piha Beach,swimsuit,https://www.google.com/maps/place/Piha+Beach/data=!4m2!3m1!1s0x6d0d6fb2e2fc98db:0x8abf86b0663ed88a,,
12 Te Komititanga,MatsuriBlog on 20251205,https://www.google.com/maps/place/12+Te+Komititanga/data=!4m2!3m1!1s0x6d0d47f95dbc20bb:0xba6973be3f163849,,
Ellen Melville Centre,,https://www.google.com/maps/place/Ellen+Melville+Centre/data=!4m2!3m1!1s0x6d0d47fb0ca5db93:0x5b1d2cd901140b93,,
Redwoods – Whakarewarewa Forest,,https://www.google.com/maps/place/Redwoods+%E2%80%93+Whakarewarewa+Forest/data=!4m2!3m1!1s0x6d6e9e97daf65ebd:0xf00ef62249d40a0,,
Agrodome,Should be where Matsuri bought her sheep,https://www.google.com/maps/place/Agrodome/data=!4m2!3m1!1s0x6d6c28a05dba421f:0x9fc382965ac59b61,,
Dunkin' Donuts,Donuts,https://www.google.com/maps/place/Dunkin'+Donuts/data=!4m2!3m1!1s0x6d0d47faa2772c25:0xc69f14c2337a0185,,
"36°50'49.5""S 174°45'58.3""E",Suit streetview (vulcan lane),"https://www.google.com/maps/search/-36.8470716,174.7661998",,
MOTAT Museum of Transport and Technology,The tram,https://www.google.com/maps/place/MOTAT+Museum+of+Transport+and+Technology/data=!4m2!3m1!1s0x6d0d4708de1b33d3:0xc5654b665ac513ae,,
Woolworths Grey Lynn,Supermarket,https://www.google.com/maps/place/Woolworths+Grey+Lynn/data=!4m2!3m1!1s0x6d0d479e0279931f:0x6a9603ad0327a7c3,,
Dear Deer Coffee Roasting Bar Ellerslie,The coffee,https://www.google.com/maps/place/Dear+Deer+Coffee+Roasting+Bar+Ellerslie/data=!4m2!3m1!1s0x6d0d4937e93a7013:0xf4bab18ea694c99f,,
