Title,Note,Lat,Lng,Source,Status,Tags,Comment
Domain Wintergardens,Thanks for @glass_KYZ_SKR for correcting this,-36.8445681,174.7642238,"-36.8445681,174.7642238",ok-coordinate,,
Ellerslie Domain,,-36.8993125,174.8145625,"4R27+7R Auckland, New Zealand",ok-plus-short,,
Rendezvous Heritage Hotel Auckland,,-36.8466875,174.7619375,"5Q36+8Q Auckland, New Zealand",ok-plus-short,,swimsuit A
42 Hobson Street,"2026 0108 short video
Traffic light",-36.8468688,174.7598509,"-36.8468688,174.7598509",ok-coordinate,,
Eastern Viaduct,,-36.8491602,174.7456106,"-36.8491602,174.7456106",ok-coordinate,,
Jervois Steak House,,-36.8461875,174.7419375,"5P3R+GQ Auckland, New Zealand",ok-plus-short,,
Skyline Rotorua,,-38.1104375,176.2219375,"V6QC+RQ Rotorua, New Zealand",ok-plus-short,,
33 Wyndham Street,New photo on 20251211,-36.8466449,174.7453705,"-36.8466449,174.7453705",ok-coordinate,,天空塔旁教堂
Piha Beach,swimsuit,-36.9544,174.4688,"Auckland 0772, New Zealand",manual-approx,,outside swimsuit
12 Te Komititanga,MatsuriBlog on 20251205,-36.8445681,174.7642238,"-36.8445681,174.7642238",ok-coordinate,,Matsublog on 20251025
Ellen Melville Centre,,-36.8476875,174.7669375,"5Q28+WQ Auckland, New Zealand",ok-plus-short,,
Redwoods – Whakarewarewa Forest,,-38.1566875,176.2728125,"R7VF+84 Rotorua, New Zealand",ok-plus-short,,
Agrodome,Should be where Matsuri bought her sheep,-38.0854375,176.1928125,"W57V+R4 Rotorua, New Zealand",ok-plus-short,,
Dunkin' Donuts,Donuts,-36.8479375,174.7653125,"5Q28+R4 Auckland, New Zealand",ok-plus-short,,
"36°50'49.5""S 174°45'58.3""E",Suit streetview (vulcan lane),-36.8470625,174.7662031,"5Q38+5FG Auckland, New Zealand",ok-plus-short,,
MOTAT Museum of Transport and Technology,The tram,-36.8678125,174.7269375,"4PJG+VQ Auckland, New Zealand",ok-plus-short,,
Woolworths Grey Lynn,Supermarket,-36.8541875,174.7316875,"4PWJ+8M Auckland, New Zealand",ok-plus-short,,
Dear Deer Coffee Roasting Bar Ellerslie,The coffee,-36.8974375,174.8093125,"4R35+2P Auckland, New Zealand",ok-plus-short,,